Vendor,Product_Type,Accessory_ID,Image_URL
Vendor_SBM,Roller Shade,open-roll,https://cdn.shopify.com/s/files/1/0799/1456/5913/files/open-roll.png?v=1784914831
Vendor_SBM,Roller Shade,metal-valance,https://cdn.shopify.com/s/files/1/0799/1456/5913/files/metal_valance.png?v=1784914831
Vendor_SBM,Roller Shade,nova-cassette,https://cdn.shopify.com/s/files/1/0799/1456/5913/files/nova-cassette.png?v=1784914831
Vendor_SBM,Roller Shade,nova-wrap,https://cdn.shopify.com/s/files/1/0799/1456/5913/files/nova-cassette-wrap.png?v=1784914831
Vendor_SBM,Roller Shade,solo-remote1,https://cdn.shopify.com/s/files/1/0799/1456/5913/files/remote.png?v=1785437195
Vendor_SBM,Roller Shade,solo-remote6,https://cdn.shopify.com/s/files/1/0799/1456/5913/files/remote.png?v=1785437195
Vendor_SBM,Roller Shade,solo-charger,https://cdn.shopify.com/s/files/1/0799/1456/5913/files/charger.jpg?v=1785436895
Vendor_SBM,Roller Shade,solo-hub,https://cdn.shopify.com/s/files/1/0799/1456/5913/files/smart-hub.png?v=1785437043
Vendor_SBM,Roller Shade,simple-charger,https://cdn.shopify.com/s/files/1/0799/1456/5913/files/charger.jpg?v=1785436895
Vendor_SBM,Solar Shade,open-roll,https://cdn.shopify.com/s/files/1/0799/1456/5913/files/open-roll.png?v=1784914831
Vendor_SBM,Solar Shade,metal-valance,https://cdn.shopify.com/s/files/1/0799/1456/5913/files/metal_valance.png?v=1784914831
Vendor_SBM,Solar Shade,nova-cassette,https://cdn.shopify.com/s/files/1/0799/1456/5913/files/nova-cassette.png?v=1784914831
Vendor_SBM,Solar Shade,nova-wrap,https://cdn.shopify.com/s/files/1/0799/1456/5913/files/nova-cassette-wrap.png?v=1784914831
Vendor_SBM,Solar Shade,solo-remote1,https://cdn.shopify.com/s/files/1/0799/1456/5913/files/remote.png?v=1785437195
Vendor_SBM,Solar Shade,solo-remote6,https://cdn.shopify.com/s/files/1/0799/1456/5913/files/remote.png?v=1785437195
Vendor_SBM,Solar Shade,solo-charger,https://cdn.shopify.com/s/files/1/0799/1456/5913/files/charger.jpg?v=1785436895
Vendor_SBM,Solar Shade,solo-hub,https://cdn.shopify.com/s/files/1/0799/1456/5913/files/smart-hub.png?v=1785437043
Vendor_SBM,Solar Shade,simple-charger,https://cdn.shopify.com/s/files/1/0799/1456/5913/files/charger.jpg?v=1785436895
Vendor_SBM,Zebra Blind,nova-cassette,https://cdn.shopify.com/s/files/1/0799/1456/5913/files/nova-cassette.png?v=1784914831
Vendor_SBM,Zebra Blind,nova-wrap,https://cdn.shopify.com/s/files/1/0799/1456/5913/files/nova-cassette-wrap.png?v=1784914831
Vendor_SBM,Zebra Blind,solo-remote1,https://cdn.shopify.com/s/files/1/0799/1456/5913/files/remote.png?v=1785437195
Vendor_SBM,Zebra Blind,solo-remote6,https://cdn.shopify.com/s/files/1/0799/1456/5913/files/remote.png?v=1785437195
Vendor_SBM,Zebra Blind,solo-charger,https://cdn.shopify.com/s/files/1/0799/1456/5913/files/charger.jpg?v=1785436895
Vendor_SBM,Zebra Blind,solo-hub,https://cdn.shopify.com/s/files/1/0799/1456/5913/files/smart-hub.png?v=1785437043
Vendor_SBM,Zebra Blind,simple-charger,https://cdn.shopify.com/s/files/1/0799/1456/5913/files/charger.jpg?v=1785436895
Vendor_SBM,Sheer Shade,nova-cassette,
Vendor_SBM,Sheer Shade,nova-wrap,
Vendor_SBM,Sheer Shade,solo-remote1,https://cdn.shopify.com/s/files/1/0799/1456/5913/files/remote.png?v=1785437195
Vendor_SBM,Sheer Shade,solo-remote6,https://cdn.shopify.com/s/files/1/0799/1456/5913/files/remote.png?v=1785437195
Vendor_SBM,Sheer Shade,solo-charger,https://cdn.shopify.com/s/files/1/0799/1456/5913/files/charger.jpg?v=1785436895
Vendor_SBM,Sheer Shade,solo-hub,https://cdn.shopify.com/s/files/1/0799/1456/5913/files/smart-hub.png?v=1785437043
Vendor_SBM,Sheer Shade,simple-charger,https://cdn.shopify.com/s/files/1/0799/1456/5913/files/charger.jpg?v=1785436895
