Vendor,Accessory_ID,Accessory_Category,Accessory_Name,Accessory_Description,Price_Type,Base_Price,Price_Per_Inch,Min_Width,Max_Width,Max_Height,Compatible_Lift_IDs,Sub_Options,Color_Group_ID
Vendor_SBM,open-roll,Headrail,Open Roll,"A simple, minimal finish with the fabric roll visible.",Fixed,0,,,90,,"manual-chain, wand-motor, solo-motor","Standard Roll, Reverse Roll",
Vendor_SBM,metal-valance,Headrail,Metal Valance,A clean metal cover that gives the shade a more finished look.,Per_Inch,0,0.7,,102,,"manual-chain, wand-motor, solo-motor",,valance-colors
Vendor_SBM,nova-cassette,Headrail,Nova Cassette,A sleek cassette that conceals the roll for a refined finish.,Per_Inch,0,1.3,,98,,"manual-chain, manual-cordless, wand-motor, solo-motor",,cassette-colors
Vendor_SBM,nova-wrap,Headrail,Nova Fabric Wrap,A sleek fabric wrapped cassette that conceals the roll for a refined finish.,Per_Inch,0,1.4,,98,,"manual-chain, manual-cordless, wand-motor, solo-motor",,
Vendor_SBM,solo-remote1,Remote,Solo Remote (single-channel),Control multiple shades or rooms from one remote.,Fixed,29.99,,,,,solo-motor,,
Vendor_SBM,solo-remote6,Remote,Solo Remote (multi-channel),Control multiple shades or rooms from one remote.,Fixed,49.99,,,,,solo-motor,,
Vendor_SBM,solo-charger,Charger,Solo Charger,Recharge your Solo motor quickly and easily.,Fixed,19.99,,,,,solo-motor,,
Vendor_SBM,solo-hub,Smart Automation,Solo Hub,Connect your motorized shades for app and smart home control.,Fixed,199.99,,,,,solo-motor,,
Vendor_SBM,simple-charger,Charger,Wand Charger,Recharge your motorized wand with a simple plug-in charger.,Fixed,19.99,,,,,wand-motor,,
